{
  "test_id": "T5",
  "pattern_sequence": "Resource Management (FAILED)",
  "O": 86,
  "C": 24,
  "D": 107,
  "D_full": 436,
  "GCR": 0.7209302325581395,
  "NCR_k1": -0.5232558139534884,
  "NCR_k7": 0.5431893687707641,
  "NCR_full_k1": -4.348837209302325,
  "NCR_full_k7": -0.0033222591362125353,
  "delta_NCR_k1": -1.244186046511628,
  "delta_NCR_k7": -0.1777408637873754
}