{
  "test_id": "T4",
  "pattern_sequence": "Multi-Condition Decision Tree",
  "O": 94,
  "C": 33,
  "D": 107,
  "D_full": 436,
  "GCR": 0.648936170212766,
  "NCR_k1": -0.4893617021276595,
  "NCR_k7": 0.486322188449848,
  "NCR_full_k1": -3.9893617021276597,
  "NCR_full_k7": -0.013677811550151908,
  "delta_NCR_k1": -1.1382978723404253,
  "delta_NCR_k7": -0.16261398176291797
}