{
  "test_id": "T7",
  "pattern_sequence": "Basic Git Operation",
  "O": 71,
  "C": 16,
  "D": 107,
  "D_full": 436,
  "GCR": 0.7746478873239436,
  "NCR_k1": -0.732394366197183,
  "NCR_k7": 0.5593561368209256,
  "NCR_full_k1": -5.366197183098592,
  "NCR_full_k7": -0.10261569416498983,
  "delta_NCR_k1": -1.5070422535211265,
  "delta_NCR_k7": -0.21529175050301808
}