{
  "test_id": "T6",
  "pattern_sequence": "Concurrent Context Handling",
  "O": 122,
  "C": 22,
  "D": 107,
  "D_full": 436,
  "GCR": 0.819672131147541,
  "NCR_k1": -0.05737704918032782,
  "NCR_k7": 0.6943793911007026,
  "NCR_full_k1": -2.7540983606557377,
  "NCR_full_k7": 0.30913348946135843,
  "delta_NCR_k1": -0.8770491803278688,
  "delta_NCR_k7": -0.12529274004683844
}