{
  "test_id": "T3",
  "pattern_sequence": "Expert CLI Operation",
  "O": 184,
  "C": 40,
  "D": 107,
  "D_full": 436,
  "GCR": 0.782608695652174,
  "NCR_k1": 0.20108695652173914,
  "NCR_k7": 0.6995341614906833,
  "NCR_full_k1": -1.5869565217391304,
  "NCR_full_k7": 0.4440993788819876,
  "delta_NCR_k1": -0.5815217391304348,
  "delta_NCR_k7": -0.08307453416149069
}